ak_plant_id,eia_plant_id,pce_reporting_id,plant_name,operator_ak_operator_id,eia_operator_id,operator_operator_name,intertie_current_intertie_id,intertie_current_intertie_name,combined_heat_power,grid_primary_voltage_kv,grid_primary_voltage2_kv,phases,latitude,longitude,notes
P251,,331005.0,Adak,AK-OP-088,,TDX Adak Generating LLC,186-0000,Adak_grid,False,2.4,,,51.8725,-176.62861,
P107,,331750.0,Atka,AK-OP-011,,"Atka, City of",095-0000,Atka_grid,True,7.2,,3.0,52.19611,-174.20056,
P261,,332740.0,Nikolski,AK-OP-096,,Umnak Power Company,193-0000,Nikolski_grid,True,7.2,,,52.93806,-168.86778,
P271,54305.0,,Westward Seafoods,AK-OP-128,20523.0,Westward Seafoods Inc,195-0000,Unalaska_grid,True,4.16, ,3.0,53.858508,-166.55288,
P264,7503.0,,Unalaska Power Module,AK-OP-097,19454.0,"Unalaska, City of",195-0000,Unalaska_grid,True,4.16, ,3.0,53.863993,-166.512591,
P291,,332860.0,Unalaska,AK-OP-097,19454.0,"Unalaska, City of",195-0000,Unalaska_grid,True,,,3.0,53.863993,-166.512591,Inlcudes EIA Unalaska Power Module and Dutch Harbor
P266,54422.0,,Unisea G 2,AK-OP-126,19553.0,Unisea Inc,195-0000,Unalaska_grid,False,12.4, ,,53.8796,-166.5532,
P263,7502.0,,Dutch Harbor,AK-OP-097,19454.0,"Unalaska, City of",195-0000,Unalaska_grid,True,4.16, ,3.0,53.892459,-166.538185,
P5,,331040.0,Akutan,AK-OP-004,,"Akutan, City of",004-0000,Akutan_grid,False,7.2,,3.0,54.13556,-165.77306,
P141,,331970.0,False Pass,AK-OP-032,,"False Pass, City of",113-0000,False Pass_grid,True,7.2,,,54.85394,-163.40883,
P177,7493.0,332070.0,King Cove,AK-OP-043,9897.0,"King Cove, City of",131-0000,King Cove_grid,True,0.48, ,3.0,55.061683,-162.3103,
P201,6302.0,,Purple Lake,AK-OP-108,12385.0,Metlakatla Power & Light,225_0000,Metlakatla_grid,False,12.47, ,3.0,55.091263,-131.544978,
P200,7168.0,,Chester Lake,AK-OP-108,12385.0,Metlakatla Power & Light,225_0000,Metlakatla_grid,False,12.47, ,3.0,55.116879,-131.545879,
P199,7112.0,,Centennial,AK-OP-108,12385.0,Metlakatla Power & Light,225_0000,Metlakatla_grid,False,12.47, ,3.0,55.121433,-131.560267,
P143,,331980.0,Cold Bay,AK-OP-034,,G & K Inc,114-0000,Cold Bay_grid,False,7.2,,,55.18583,-162.72111,
P23,423.0,331150.0,Hydaburg,AK-OP-005,219.0,Alaska Power & Telephone Company,023-2015,Prince of Wales Is._grid,False,2.4, ,3.0,55.204937,-132.821435,
P176,58977.0,,Whitman,AK-OP-131,10210.0,Ketchikan Public Utilities,217-2009,SEAPA_grid,False,34.5, ,3.0,55.328056,-131.530833,
P295,1.0,332540.0,Sand Point,AK-OP-089,63560.0,"Sand Point Generating, LLC",187-0000,Sand Point_grid,True,7.2,,3.0,55.339722,-160.497222,
P172,84.0,,Ketchikan,AK-OP-131,10210.0,Ketchikan Public Utilities,217-2009,SEAPA_grid,False,34.5, ,3.0,55.344641,-131.633425,
P173,85.0,,S W Bailey,AK-OP-131,10210.0,Ketchikan Public Utilities,217-2009,SEAPA_grid,False,34.5, ,3.0,55.357397,-131.69696,
P171,6580.0,,Beaver Falls,AK-OP-131,10210.0,Ketchikan Public Utilities,217-2009,SEAPA_grid,False,34.5, ,3.0,55.37975,-131.470269,
P174,6581.0,,Silvis,AK-OP-131,10210.0,Ketchikan Public Utilities,217-2009,SEAPA_grid,False,34.5, ,3.0,55.381402,-131.517758,
P170,59027.0,,Mahoney Lake Hydroelectric,AK-OP-160,60223.0,Ketchikan Electric Company,217-2009,SEAPA_grid,False,34.5,,3.0,55.419444,-131.537778,
P15,7752.0,,Black Bear Lake,AK-OP-005,219.0,Alaska Power & Telephone Company,023-2015,Prince of Wales Is._grid,False,34.5, ,3.0,55.476472,-133.14772,"Included in PCE reporting as ""Purchased Power"""
P20,421.0,331090.0,Craig,AK-OP-005,219.0,Alaska Power & Telephone Company,023-2015,Prince of Wales Is._grid,False,12.47, ,3.0,55.47691,-133.14869,
P21,56146.0,,False Island,AK-OP-005,219.0,Alaska Power & Telephone Company,023-2015,Prince of Wales Is._grid,False,12.47, ,3.0,55.48918,-133.1345,
P19,56147.0,,Viking,AK-OP-005,219.0,Alaska Power & Telephone Company,023-2015,Prince of Wales Is._grid,False,12.47, ,3.0,55.540708,-133.102344,
P24,61684.0,,Klawock Power Generation Station,AK-OP-005,219.0,Alaska Power & Telephone Company,023-2015,Prince of Wales Is._grid,False,12.47, ,3.0,55.553197,-133.08535,
P18,56265.0,,South Fork,AK-OP-005,219.0,Alaska Power & Telephone Company,023-2015,Prince of Wales Is._grid,False,34.5, ,3.0,55.563333,-132.891111,"Included in PCE reporting as ""Purchased Power"""
P175,70.0,,Swan Lake,AK-OP-131,10210.0,Ketchikan Public Utilities,217-2009,SEAPA_grid,False,115.0,115,3.0,55.615208,-131.356111,
P28,7414.0,331210.0,Thorne Bay Plant,AK-OP-005,219.0,Alaska Power & Telephone Company,023-2015,Prince of Wales Is._grid,False,4.16, ,3.0,55.68586,-132.52892,
P43,7792.0,331170.0,Naukati Bay,AK-OP-005,219.0,Alaska Power & Telephone Company,023-2015,Prince of Wales Is._grid,False,7.2,,3.0,55.88077,-133.195,
P211,,332470.0,Perryville,AK-OP-073,,Native Village of Perryville,155-0000,Perryville_grid,True,7.2,,3.0,55.91278,-159.14556,
P212,,332320.0,Nelson Lagoon,AK-OP-063,,Nelson Lagoon Electrical Coop,156-0000,Nelson Lagoon_grid,False,7.2,,3.0,56.00194,-161.20278,
P33,7342.0,331080.0,Coffman Cove,AK-OP-005,219.0,Alaska Power & Telephone Company,023-2015,Prince of Wales Is._grid,False,2.4,,3.0,56.01389,-132.82778,
P40,7753.0,331230.0,Whale Pass,AK-OP-005,219.0,Alaska Power & Telephone Company,213-0000,Whale_Pass_grid,False,2.4,,3.0,56.11528,-133.12083,
P244,61166.0,,Tyee Lake Hydroelectric Facility,AK-OP-124,60770.0,Southeast Alaska Power Agency,217-2009,SEAPA_grid,False,69.0,115,3.0,56.216403,-131.504344,
P116,,331870.0,Chignik Lagoon,AK-OP-023,,Chignik Lagoon Power Utility,102-0000,Chignik Lagoon_grid,True,7.2,,3.0,56.30995,-158.53142,
P273,95.0,,Wrangell,AK-OP-135,21015.0,"Wrangell, City of",217-2009,SEAPA_grid,True,12.47, ,3.0,56.460976,-132.379439,
P237,,332550.0,Saint George,AK-OP-082,,"Saint George, City of",179-0000,Saint George_grid,True,7.2,,3.0,56.6,-169.54167,
P229,91.0,,Blind Slough,AK-OP-110,14856.0,"Petersburg, City of",217-2009,SEAPA_grid,False,24.9, ,3.0,56.81104,-132.957091,
P2,,331010.0,Akhiok,AK-OP-001,,"Akhiok, City of",001-0000,Akhiok_grid,False,7.2,,3.0,56.94556,-154.17028,
P232,,332500.0,Port Heiden,AK-OP-077,,Port Heiden Utilities,175-0000,Port Heiden_grid,True,7.2,,3.0,56.94839,-158.62902,
P165,7464.0,332680.0,Kake,AK-OP-041,18963.0,Inside Passage Electric,129-0000,Kake_grid,False,12.47, ,3.0,56.962983,-133.922557,
P241,313.0,,Green Lake,AK-OP-130,17271.0,"Sitka, City & Borough of",219-0000,Sitka_grid,False,69.0, ,3.0,56.986284,-135.12275,
P242,6801.0,,Jarvis Street,AK-OP-130,17271.0,"Sitka, City & Borough of",219-0000,Sitka_grid,False,69.0, ,3.0,57.0497,-135.3128,
P240,93.0,,Blue Lake Hydro,AK-OP-130,17271.0,"Sitka, City & Borough of",219-0000,Sitka_grid,False,69.0, ,3.0,57.0516,-135.2297,
P280,7333.0,,Blue Lake Fish Valve,AK-OP-130,17271.0,Sitka City of & Borough of,219-0000,Sitka_grid,False,69.0, ,3.0,57.0516,-135.2297,
P238,,332560.0,Saint Paul,AK-OP-083,,Saint Paul Municipal Electric,180-0000,Saint Paul_grid,True,7.2,,3.0,57.12222,-170.275,
P252,,,Saint Paul Wind,AK-OP-155,,TDX St. Paul Wind,180-0000,Saint Paul_grid,False,7.2,,3.0,57.12222,-170.275,
P91,6557.0,331540.0,Old Harbor,AK-OP-006,221.0,Alaska Village Electric Cooperative,069-0000,Old Harbor_grid,False,7.2,,3.0,57.20278,-153.30389,
P163,7462.0,332650.0,Angoon,AK-OP-041,18963.0,Inside Passage Electric,125-0000,Angoon_grid,True,12.47, ,3.0,57.499166,-134.58614,
P193,,332170.0,Larsen Bay,AK-OP-052,,Larsen Bay Utility Company,139-0000,Larsen Bay_grid,True,7.2,,,57.53854,-153.97844,
P230,,332480.0,Pilot Point,AK-OP-074,,Pilot Point Electric Utility,173-0000,Pilot Point_grid,True,7.2,,3.0,57.56417,-157.57917,
P100,,331740.0,Karluk,AK-OP-007,,Alutiiq Power Company,092-0000,Karluk_grid,False,7.2,,3.0,57.57021,-154.45433,
P187,71.0,,Terror Lake Microgrid,AK-OP-106,10433.0,Kodiak Electric Assn Inc,223-0000,Kodiak_grid,False,138.0, ,3.0,57.6861,-152.895,
P183,7723.0,,Nymans Plant Microgrid,AK-OP-106,10433.0,Kodiak Electric Assn Inc,223-0000,Kodiak_grid,False,67.0, ,3.0,57.731608,-152.507044,
P186,60250.0,,Swampy Acres Microgrid,AK-OP-106,10433.0,Kodiak Electric Assn Inc,223-0000,Kodiak_grid,False,12.47, ,3.0,57.77556,-152.48028,
P181,60563.0,,Flywheel Energy Storage System Microgrid,AK-OP-106,10433.0,Kodiak Electric Assn Inc,223-0000,Kodiak_grid,False,12.47, ,3.0,57.780114,-152.443783,
P256,,332630.0,Tenakee Springs,AK-OP-092,,"Tenakee Springs, City of",189-0000,Tenakee Springs_grid,False,7.2,,3.0,57.78083,-135.21889,
P184,57187.0,,Pillar Mountain Wind Project Microgrid,AK-OP-106,10433.0,Kodiak Electric Assn Inc,223-0000,Kodiak_grid,False,69.0, ,3.0,57.7869,-152.4406,
P182,6281.0,,Kodiak Microgrid,AK-OP-106,10433.0,Kodiak Electric Assn Inc,223-0000,Kodiak_grid,False,67.0, ,3.0,57.789956,-152.396982,
P180,58405.0,,ESS Battery Microgrid,AK-OP-106,10433.0,Kodiak Electric Assn Inc,223-0000,Kodiak_grid,False,12.47, ,3.0,57.799167,-152.404167,
P185,6282.0,,Port Lions Microgrid,AK-OP-106,10433.0,Kodiak Electric Assn Inc,223-0000,Kodiak_grid,False,12.47, ,3.0,57.864775,-152.855441,
P225,,332440.0,Ouzinkie,AK-OP-070,,"Ouzinkie, City of",170-0000,Ouzinkie_grid,False,7.2,,3.0,57.92361,-152.50222,
P294,60588.0,,Sweetheart Lake Hydroelectric Facility,AK-OP-183,60349.0,"Juneau Hydropower, Inc",222-0000,Juneau_grid,False,,,,57.9449,-133.6867,Proposed. Not operational
P228,6702.0,332460.0,Pelican,AK-OP-072,29297.0,Pelican Utility,172-0000,Pelican_grid,False,2.4, ,3.0,57.957197,-136.220095,
P164,7463.0,332670.0,Hoonah,AK-OP-041,18963.0,Inside Passage Electric,128-0000,Hoonah_grid,True,12.47, ,3.0,58.106432,-135.43074,
P13,78.0,,Snettisham,AK-OP-133,213.0,Alaska Electric Light & Power Company,222-0000,Juneau_grid,False,138.0, ,3.0,58.1415,-133.737,Owned by AIDEA. Operated by AEL&P
P140,,331960.0,Elfin Cove,AK-OP-031,,Elfin Cove Utility Commission,112-0000,Elfin Cove_grid,True,2.4,,,58.19444,-136.34333,
P139,7180.0,331940.0,Egegik,AK-OP-029,5553.0,Egegik Light & Power Co,111-0000,Egegik_grid,True,7.2,,3.0,58.21556,-157.37583,
P10,57085.0,,Lake Dorothy Hydroelectric Project,AK-OP-133,213.0,Alaska Electric Light & Power Company,222-0000,Juneau_grid,False,138.0, ,3.0,58.2325,-134.0533,
P8,63.0,,Gold Creek,AK-OP-133,213.0,Alaska Electric Light & Power Company,222-0000,Juneau_grid,False,12.0, ,3.0,58.3107,-134.4174,
P6,62.0,,Annex Creek,AK-OP-133,213.0,Alaska Electric Light & Power Company,222-0000,Juneau_grid,False,23.0, ,3.0,58.3176,-134.101,
P12,65.0,,Salmon Creek 1,AK-OP-133,213.0,Alaska Electric Light & Power Company,222-0000,Juneau_grid,False,69.0, ,3.0,58.3269,-134.4631,
P11,64.0,,Lemon Creek,AK-OP-133,213.0,Alaska Electric Light & Power Company,222-0000,Juneau_grid,False,69.0, ,3.0,58.3536,-134.4953,
P9,59793.0,,Industrial Plant,AK-OP-133,213.0,Alaska Electric Light & Power Company,222-0000,Juneau_grid,False,69.0, ,3.0,58.367635,-134.60802,
P7,7250.0,,Auke Bay,AK-OP-133,213.0,Alaska Electric Light & Power Company,222-0000,Juneau_grid,False,69.0, ,3.0,58.3875,-134.6446,
P35,65767.0,332010.0,Gustavus,AK-OP-005,219.0,Alaska Power & Telephone Company,118-0000,Gustavus_grid,False,7.2,,3.0,58.41333,-135.73694,
P207,6301.0,332280.0,Naknek,AK-OP-059,13201.0,Naknek Electric Association,150-0000,Naknek_grid,True,7.2, ,3.0,58.730417,-157.007222,
P196,,332210.0,Manokotak,AK-OP-056,,Manokotak Power Company,142-0000,Manokotak_grid,True,7.2,,3.0,58.98139,-159.05833,
P231,,332490.0,Platinum,AK-OP-075,,"Platinum, City of",174-0000,Platinum_grid,True,,,3.0,59.01306,-161.81639,
P224,109.0,332430.0,Dillingham,AK-OP-069,13870.0,Nushagak Electric Cooperative,169-0000,Dillingham_grid,True,12.0, ,3.0,59.042914,-158.468597,
P75,6348.0,331690.0,Togiak,AK-OP-006,221.0,Alaska Village Electric Cooperative,086-2020,Togiak_grid,True,12.5, ,3.0,59.059744,-160.380278,
P260,,332730.0,Twin Hills,AK-OP-006,221.0,Alaska Village Electric Cooperative,086-2020,Togiak_grid,False,,,,59.07917,-160.275,
P194,,332180.0,Levelock,AK-OP-053,,Levelock Electrical Coop,140-0000,Levelock_grid,True,7.2,,3.0,59.115,-156.85667,
P82,6316.0,331330.0,Goodnews Bay,AK-OP-006,221.0,Alaska Village Electric Cooperative,047-0000,Goodnews Bay_grid,True,7.2,,3.0,59.11889,-161.5875,
P22,69.0,331120.0,Haines,AK-OP-005,219.0,Alaska Power & Telephone Company,032-1998,UpperLynnCanal_grid,False,12.47, ,3.0,59.235931,-135.446228,PCE reporting includes diesel and hydro generation
P161,,332040.0,Igiugig,AK-OP-039,,Igiugig Electric Company,121-0000,Igiugig_grid,True,7.2,,3.0,59.32778,-155.89472,
P42,,,Lutak,AK-OP-005,219.0,Alaska Power & Telephone Company,032-1998,UpperLynnCanal_grid,False,7.2,,3.0,59.3411111,-135.5655556,"Included in PCE reporting as ""Purchased Power"""
P17,56542.0,,Kasidaya Creek Hydro,AK-OP-005,219.0,Alaska Power & Telephone Company,032-1998,UpperLynnCanal_grid,False,34.5, ,3.0,59.4072,-135.3408,"Included in PCE reporting as ""Purchased Power"""
P158,6283.0,,Seldovia,AK-OP-105,19558.0,Homer Electric Assn Inc,215-1985,Railbelt_grid,False,12.4, ,3.0,59.439542,-151.713439,
P188,,332100.0,Kokhanok,AK-OP-046,,Kokhanok Village Council,134-0000,Kokhanok_grid,True,7.2,,3.0,59.4416,-154.75514,
P61,6334.0,331480.0,New Stuyahok,AK-OP-006,221.0,Alaska Village Electric Cooperative,065-0000,New Stuyahok_grid,True,12.5, ,3.0,59.448358,-157.325528,
P61,60245.0,331480.0,New Stuyahok,AK-OP-006,221.0,Alaska Village Electric Cooperative,065-0000,New Stuyahok_grid,True,12.5, ,3.0,59.448358,-157.325528,
P41,,,Dewey LakesÂ ,AK-OP-005,219.0,Alaska Power & Telephone Company,032-1998,UpperLynnCanal_grid,False,,,3.0,59.4511,-135.3081,"Included in PCE reporting as ""Purchased Power"""
P26,66.0,331190.0,Skagway,AK-OP-005,219.0,Alaska Power & Telephone Company,032-1998,UpperLynnCanal_grid,False,2.4, ,3.0,59.4545,-135.3131,PCE reporting includes diesel and hydro generation
P16,7751.0,,Goat Lake Hydro,AK-OP-005,219.0,Alaska Power & Telephone Company,032-1998,UpperLynnCanal_grid,False,34.5, ,3.0,59.5357,-135.2123,"Included in PCE reporting as ""Purchased Power"""
P78,6637.0,332900.0,Yakutat,AK-OP-006,221.0,Alaska Village Electric Cooperative,091-0000,Yakutat_grid,True,4.16, ,3.0,59.544553,-139.724306,
P213,,332110.0,Koliganek,AK-OP-064,,New Koliganek Village Council,157-0000,Koliganek_grid,True,7.2,,3.0,59.72861,-157.28444,
P66,6337.0,331570.0,Quinhagak,AK-OP-006,221.0,Alaska Village Electric Cooperative,071-0000,Quinhagak_grid,True,13.47, ,3.0,59.747436,-161.910647,
P66,57057.0,331570.0,Quinhagak,AK-OP-006,221.0,Alaska Village Electric Cooperative,071-0000,Quinhagak_grid,True,13.47, ,3.0,59.747436,-161.910647,
P156,7367.0,,Bradley Lake,AK-OP-105,19558.0,Homer Electric Assn Inc,215-1985,Railbelt_grid,False,115.0, ,3.0,59.77862,-150.94015,
P227,,332450.0,Pedro Bay,AK-OP-071,,Pedro Bay Village Council,171-0000,Pedro Bay_grid,True,7.2,,3.0,59.78722,-154.10611,
P192,,332160.0,Kwigillingok,AK-OP-051,,Kwigillingok Power Company,138-0000,Kwigillingok_grid,True,7.2,,3.0,59.86393,-163.13322,
P233,,332510.0,Kongiganak,AK-OP-078,,Puvurnaq Power Company,176-0000,Kongiganak_grid,True,7.2,,3.0,59.88,-163.054,
P162,7183.0,332050.0,Newhalen,AK-OP-040,9188.0,"I-N-N Electric Coop, Inc",123-1983,Newhalen_grid,True,2.5, ,3.0,59.899054,-154.698735,
P178,,332080.0,Kipnuk,AK-OP-044,,Kipnuk Light Plant,132-0000,Kipnuk_grid,,7.2,,3.0,59.93889,-164.04139,
P115,,331850.0,Chenega Bay,AK-OP-020,,Chenega Ira Council,101-0000,Chenega_grid,True,7.2,,3.0,60.06571,-148.01038,
P239,92.0,,Seward,AK-OP-111,16955.0,"Seward, City of",215-1985,Railbelt_grid,False,150.0, ,3.0,60.130922,-149.43501,
P210,,332310.0,Chefornak,AK-OP-062,,Naterkaq Light Plant (City of Chefornak),154-0000,Chefornak_grid,True,7.2,,3.0,60.16,-164.26583,
P248,,332590.0,Port Alsworth,AK-OP-085,,Tanalian Electric Cooperative,183-0000,Port Alsworth_grid,True,7.2,,3.0,60.2025,-154.31278,
P80,6312.0,331290.0,Eek,AK-OP-006,221.0,Alaska Village Electric Cooperative,041-0000,Eek_grid,True,7.2,,1.0,60.21889,-162.02444,
P259,,332720.0,Tuntutuliak,AK-OP-094,,Tuntutuliak Community,191-0000,Tuntutuliak_grid,True,7.2,,3.0,60.34306,-162.66306,
P87,6327.0,331450.0,Mekoryuk,AK-OP-006,221.0,Alaska Village Electric Cooperative,062-0000,Mekoryuk_grid,True,7.2,,3.0,60.38806,-166.185,
P121,6291.0,,Cooper Lake,AK-OP-132,3522.0,Chugach Electric Assn Inc,215-1985,Railbelt_grid,False,69.0, ,3.0,60.392331,-149.665603,
P89,,331490.0,Nightmute,AK-OP-006,221.0,Alaska Village Electric Cooperative,088-2008,Toksook Bay_grid,False,7.2,,1.0,60.47944,-164.72389,
P159,4252.0,,Soldotna,AK-OP-170,288.0,Alaska Electric G & T Coop Inc,215-1985,Railbelt_grid,False,115.0, ,3.0,60.499444,-150.997222,
P159,57206.0,,Soldotna,AK-OP-105,19558.0,Homer Electric Assn Inc,215-1985,Railbelt_grid,False,115.0, ,3.0,60.499444,-150.997222,
P76,6349.0,331700.0,Toksook Bay,AK-OP-006,221.0,Alaska Village Electric Cooperative,088-2008,Toksook Bay_grid,True,13.47, ,3.0,60.530142,-165.108575,
P76,57067.0,331700.0,Toksook Bay,AK-OP-006,221.0,Alaska Village Electric Cooperative,088-2008,Toksook Bay_grid,True,13.47, ,3.0,60.530142,-165.108575,
P131,62714.0,,Eyak Service Center BESS,AK-OP-027,40215.0,Cordova Electric Cooperative,014-1990,Cordova_grid,False,13.0,,3.0,60.54047,-145.74079,
P133,789.0,,Orca,AK-OP-027,40215.0,Cordova Electric Cooperative,014-1990,Cordova_grid,False,13.0, ,3.0,60.555889,-145.752983,
P292,,331920.0,"Cordova, Eyak",AK-OP-027,40215.0,Cordova Electric Cooperative,014-1990,Cordova_grid,False,13.0,,3.0,60.555889,-145.752983,"Includes EIA: Orca, Humpback Creek, Power Creek, Eyak Service Center BESS"
P97,6350.0,331710.0,Tununak,AK-OP-006,221.0,Alaska Village Electric Cooperative,088-2008,Toksook Bay_grid,False,7.2,,1.0,60.58513,-165.25549,
P134,7862.0,,Power Creek,AK-OP-027,40215.0,Cordova Electric Cooperative,014-1990,Cordova_grid,False,13.0, ,3.0,60.588686,-145.604539,
P132,7042.0,,Humpback Creek,AK-OP-027,40215.0,Cordova Electric Cooperative,014-1990,Cordova_grid,False,13.0, ,3.0,60.612822,-145.679411,
P1,54452.0,,Agrium Kenai Nitrogen Operations,AK-OP-121,179.0,Agrium US Inc,215-1985,Railbelt_grid,False,24.8,,3.0,60.6732,-151.3784,
P157,55966.0,,Nikiski Co-Generation,AK-OP-105,19558.0,Homer Electric Assn Inc,215-1985,Railbelt_grid,False,115.0, ,3.0,60.676539,-151.377713,
P257,52184.0,,Tesoro Kenai Cogeneration Plant,AK-OP-125,18617.0,Tesoro Alaska Company,215-1985,Railbelt_grid,True,25.0, ,3.0,60.677,-151.3815,
P155,6292.0,,Bernice Lake,AK-OP-105,19558.0,Homer Electric Assn Inc,215-1985,Railbelt_grid,False,69.0,115,3.0,60.6935,-151.3874,
P209,,332300.0,Napaskiak,AK-OP-061,,Napaskiak Electric Utility,153-0000,Napaskiak_grid,False,7.2,,3.0,60.70806,-161.76611,
P47,6566.0,331800.0,Bethel,AK-OP-006,221.0,Alaska Village Electric Cooperative,034-1988,Bethel_grid,False,2.4, ,3.0,60.7897,-161.787778,
P191,,332150.0,Kwethluk,AK-OP-050,,Kwethluk Incorporated d/b/a Kuiggluum Kallugvia,137-0000,Kwethluk_grid,True,7.2,,3.0,60.81222,-161.43583,
P250,,332610.0,Tatitlek,AK-OP-087,,Tatitlek Village Ira Council,185-0000,Tatitlek_grid,True,,,,60.86472,-146.67861,
P108,,331780.0,Atmautluak,AK-OP-012,,Atmautluak Tribal Utilities,096-0000,Atmautluak_grid,True,7.2,,3.0,60.86694,-162.27306,
P54,57066.0,331390.0,Kasigluk,AK-OP-006,221.0,Alaska Village Electric Cooperative,055-0000,Kasigluk_grid,True,13.47, ,3.0,60.8731,-162.5197,
P64,6333.0,331530.0,Nunapitchuk,AK-OP-006,221.0,Alaska Village Electric Cooperative,204-0000,Nunapitchuk_grid,False,12.5, ,3.0,60.89588,-162.459756,
P3,,331020.0,Akiachak,AK-OP-003,,Akiachak Native Community,002-0000,Akiachak_grid,True,7.2,,,60.90944,-161.43139,
P4,,331030.0,Akiak,AK-OP-002,,Akiak City Council,003-0000,Akiak_grid,True,7.2,,3.0,60.91222,-161.21389,
P265,,332870.0,Newtok,AK-OP-099,,Ungusraq Power Company,196-0000,Newtok_grid,True,7.2,,3.0,60.94278,-164.62944,
P128,390.0,,Solomon Gulch,AK-OP-103,4329.0,Copper Valley Elec Assn Inc,216-1982,CopperValley_grid,False,14.4,138,3.0,61.0828,-146.3033,
P130,7841.0,,Valdez Cogen,AK-OP-103,4329.0,Copper Valley Elec Assn Inc,216-1982,CopperValley_grid,True,14.4,138,3.0,61.0839,-146.2529,
P126,58982.0,,Allison Creek Hydro,AK-OP-103,4329.0,Copper Valley Elec Assn Inc,216-1982,CopperValley_grid,False,14.4,138,3.0,61.084444,-146.353333,
P258,,332710.0,Tuluksak,AK-OP-093,,Tuluksak Traditional,190-0000,Tuluksak_grid,False,7.2,,3.0,61.1025,-160.96167,
P142,58425.0,,Fire Island Wind,AK-OP-115,58422.0,Fire Island Wind LLC,215-1985,Railbelt_grid,False,34.5, ,3.0,61.13,-150.243611,
P129,6306.0,,Valdez,AK-OP-103,4329.0,Copper Valley Elec Assn Inc,216-1982,CopperValley_grid,False,138.0,14.4,3.0,61.1303,-146.3647,
P123,57036.0,,Southcentral Power Project,AK-OP-132,3522.0,Chugach Electric Assn Inc,215-1985,Railbelt_grid,False,138.0, ,3.0,61.167417,-149.905304,
P122,6293.0,,International,AK-OP-132,3522.0,Chugach Electric Assn Inc,215-1985,Railbelt_grid,False,138.0, ,3.0,61.168972,-149.911038,
P120,96.0,,Beluga,AK-OP-132,3522.0,Chugach Electric Assn Inc,215-1985,Railbelt_grid,False,138.0, ,3.0,61.1861,-151.0356,
P101,75.0,,Anchorage 1,AK-OP-132,3522.0,Chugach Electric Assn Inc,215-1985,Railbelt_grid,False,115.0, ,3.0,61.2221,-149.8661,
P103,6559.0,,George M Sullivan Generation Plant 2,AK-OP-132,3522.0,Chugach Electric Assn Inc,215-1985,Railbelt_grid,False,115.0, ,3.0,61.229713,-149.716744,
P138,58380.0,,JBER Landfill Gas Power Plant,AK-OP-122,58368.0,Doyon Utilities LLC,215-1985,Railbelt_grid,False,34.5, ,3.0,61.286,-149.61,
P195,,332190.0,Lime Village,AK-OP-054,,Lime Village Electric Utility,141-0000,Lime Village_grid,False,,,,61.35639,-155.43556,
P197,58989.0,,Eklutna Generation Station,AK-OP-107,11824.0,Matanuska Electric Association,215-1985,Railbelt_grid,False,115.0, ,3.0,61.457778,-149.351389,
P102,77.0,,Eklutna Hydro Project,AK-OP-175,,Municipality of Anchorage d/b/a Anchorage Hydropower ,215-1985,Railbelt_grid,False,115.0, ,3.0,61.475211,-149.15009,
P119,,331890.0,Chitina,AK-OP-024,,Chitina Electric Inc,105-0000,Chitina_grid,True,7.2,,3.0,61.51583,-144.43694,
P49,6311.0,331280.0,Chevak,AK-OP-006,221.0,Alaska Village Electric Cooperative,040-0000,Chevak_grid,True,12.5, ,3.0,61.525297,-165.590152,
P77,57054.0,331720.0,Upper Kalskag,AK-OP-006,221.0,Alaska Village Electric Cooperative,052-2005,Upper Kalskag_grid,False,13.47, ,3.0,61.526858,-160.348128,
P53,6319.0,331360.0,Hooper Bay,AK-OP-006,221.0,Alaska Village Electric Cooperative,050-0000,Hooper Bay_grid,True,12.5, ,3.0,61.530858,-166.101944,
P202,,332230.0,Chuathbaluk,AK-OP-058,,Middle Kuskokwim Electric,144-0000,Chuathbaluk_grid,False,7.2,,3.0,61.57194,-159.245,
P105,7182.0,331760.0,Aniak,AK-OP-009,4959.0,Aniak Light & Power,093-0000,Aniak_grid,False,2.4, ,3.0,61.580678,-159.535643,
P235,66887.0,,Houston Solar,AK-OP-151,65807.0,"Energy 49, LLC",215-1985,Railbelt_grid,False,24.9,,3.0,61.59,-149.79,
P205,,332260.0,Sleetmute,AK-OP-058,,Middle Kuskokwim Electric,147-0000,Sleetmute_grid,True,7.2,,3.0,61.7025,-157.16972,
P204,,332250.0,Red Devil,AK-OP-058,,Middle Kuskokwim Electric,146-0000,Red Devil_grid,False,7.2,,,61.76111,-157.3125,
P206,,332270.0,Stony River,AK-OP-058,,Middle Kuskokwim Electric,148-0000,Stony River_grid,True,7.2,,3.0,61.78306,-156.58806,
P93,7049.0,331580.0,Russian Mission,AK-OP-006,221.0,Alaska Village Electric Cooperative,072-0000,Russian Mission_grid,True,7.2,,3.0,61.785,-161.32028,
P69,6342.0,331600.0,Scammon Bay,AK-OP-006,221.0,Alaska Village Electric Cooperative,077-0000,Scammon Bay_grid,True,13.47, ,3.0,61.843036,-165.581497,
P69,57056.0,331600.0,Scammon Bay,AK-OP-006,221.0,Alaska Village Electric Cooperative,077-0000,Scammon Bay_grid,True,13.47, ,3.0,61.843036,-165.581497,
P203,,332240.0,Crooked Creek,AK-OP-058,,Middle Kuskokwim Electric,145-0000,Crooked Creek_grid,True,7.2,,3.0,61.87,-158.11083,
P59,6326.0,331440.0,Marshall,AK-OP-006,221.0,Alaska Village Electric Cooperative,061-0000,Marshall_grid,True,12.5, ,3.0,61.878186,-162.085147,
P59,60244.0,331440.0,Marshall,AK-OP-006,221.0,Alaska Village Electric Cooperative,061-0000,Marshall_grid,True,12.5, ,3.0,61.878186,-162.085147,
P65,6335.0,331550.0,Pilot Station,AK-OP-006,221.0,Alaska Village Electric Cooperative,070-0000,Pilot Station_grid,True,13.47, ,3.0,61.936456,-162.880706,
P65,57058.0,331550.0,Pilot Station,AK-OP-006,221.0,Alaska Village Electric Cooperative,070-0000,Pilot Station_grid,True,13.47, ,3.0,61.936456,-162.880706,
P67,6338.0,331660.0,Saint Mary's,AK-OP-006,221.0,Alaska Village Electric Cooperative,075-2020,Saint Mary's_grid,True,12.5, ,3.0,62.051525,-163.172567,
P60,6329.0,331470.0,Mountain Village,AK-OP-006,221.0,Alaska Village Electric Cooperative,075-2020,Saint Mary's_grid,False,12.5, ,3.0,62.085569,-163.729072,
P127,6305.0,,Glennallen,AK-OP-103,4329.0,Copper Valley Elec Assn Inc,216-1982,CopperValley_grid,False,138.0,14.4,3.0,62.110415,-145.532529,
P84,6318.0,331350.0,Holy Cross,AK-OP-006,221.0,Alaska Village Electric Cooperative,049-0000,Holy Cross_grid,False,7.2,,3.0,62.19944,-159.77139,
P223,,332420.0,Nunam Iqua,AK-OP-068,,Nunam Iqua Electric Company,167-0000,Nunam Iqua_grid,True,7.2,,3.0,62.53361,-164.84111,
P32,7332.0,331070.0,Chistochina,AK-OP-005,219.0,Alaska Power & Telephone Company,026-2011,Slana_grid,False,7.2,,,62.565,-144.66472,
P27,61685.0,331195.0,Slana Generating Station ,AK-OP-005,219.0,Alaska Power & Telephone Company,026-2011,Slana_grid,True,12.47, ,3.0,62.592756,-143.588869,
P79,6310.0,331260.0,Anvik,AK-OP-006,221.0,Alaska Village Electric Cooperative,036-0000,Anvik_grid,True,7.2,,3.0,62.65611,-160.20667,
P94,6343.0,331620.0,Shageluk,AK-OP-006,221.0,Alaska Village Electric Cooperative,079-0000,Shageluk_grid,False,7.2,,1.0,62.68222,-159.56194,
P45,6308.0,331240.0,Alakanuk,AK-OP-006,221.0,Alaska Village Electric Cooperative,218-0000,Alakanuk_grid,False,13.47, ,3.0,62.6833,-164.6544,
P45,57053.0,331240.0,Alakanuk,AK-OP-006,221.0,Alaska Village Electric Cooperative,218-0000,Alakanuk_grid,False,13.47, ,3.0,62.6833,-164.6544,
P51,6314.0,331310.0,Emmonak,AK-OP-006,221.0,Alaska Village Electric Cooperative,045-0000,Emmonak_grid,True,12.5, ,3.0,62.777694,-164.531517,
P83,6317.0,331340.0,Grayling,AK-OP-006,221.0,Alaska Village Electric Cooperative,048-0000,Grayling_grid,False,7.2,,0.0,62.90361,-160.06472,
P38,7341.0,331160.0,Mentasta Lake,AK-OP-005,219.0,Alaska Power & Telephone Company,026-2011,Slana_grid,False,,,3.0,62.93155,-143.79273,
P198,6555.0,332220.0,McGrath,AK-OP-057,12119.0,Mcgrath Light & Power,143-0000,McGrath_grid,True,2.4, ,3.0,62.95699,-155.594997,
P25,7169.0,331180.0,Northway,AK-OP-005,219.0,Alaska Power & Telephone Company,012-0000,Northway_grid,False,14.4, ,,62.9617,-141.9372,
P247,,332580.0,Takotna,AK-OP-084,,Takotna Community Assoc Inc,182-0000,Takotna_grid,False,7.2,,3.0,62.98861,-156.06417,
P57,57064.0,332120.0,Kotlik,AK-OP-006,221.0,Alaska Village Electric Cooperative,059-0000,Kotlik_grid,True,13.47, ,3.0,63.03215,-163.553106,
P39,7371.0,331200.0,Tetlin,AK-OP-005,219.0,Alaska Power & Telephone Company,015-2008,Tok_grid,False,,,3.0,63.13722,-142.51611,
P44,60814.0,,7-Mile Ridge Wind Project,AK-OP-005,219.0,Alaska Power & Telephone Company,,,,,,,63.210689,-143.247156,Proposed
P29,406.0,331220.0,Tok,AK-OP-005,219.0,Alaska Power & Telephone Company,015-2008,Tok_grid,False,12.47, ,3.0,63.33552,-142.99997,
P73,6339.0,331670.0,Saint Michael,AK-OP-006,221.0,Alaska Village Electric Cooperative,084-2015,Stebbins_grid,False,13.47, ,3.0,63.4775,-162.0383,
P73,57061.0,331670.0,Saint Michael,AK-OP-006,221.0,Alaska Village Electric Cooperative,084-2015,Stebbins_grid,False,13.47, ,3.0,63.4775,-162.0383,
P74,6347.0,331680.0,Stebbins,AK-OP-006,221.0,Alaska Village Electric Cooperative,084-0000,Stebbins_grid,True,13.47, ,3.0,63.521047,-162.286322,
P74,57055.0,331680.0,Stebbins,AK-OP-006,221.0,Alaska Village Electric Cooperative,084-0000,Stebbins_grid,True,13.47, ,3.0,63.521047,-162.286322,
P68,6340.0,331590.0,Savoonga,AK-OP-006,221.0,Alaska Village Electric Cooperative,076-0000,Savoonga_grid,True,13.47, ,3.0,63.695267,-170.475661,
P68,57052.0,331590.0,Savoonga,AK-OP-006,221.0,Alaska Village Electric Cooperative,076-0000,Savoonga_grid,True,13.47, ,3.0,63.695267,-170.475661,
P52,6315.0,331320.0,Gambell,AK-OP-006,221.0,Alaska Village Electric Cooperative,046-0000,Gambell_grid,True,13.47, ,3.0,63.777058,-171.712439,
P52,57062.0,331320.0,Gambell,AK-OP-006,221.0,Alaska Village Electric Cooperative,046-0000,Gambell_grid,True,13.47, ,3.0,63.777058,-171.712439,
P150,6288.0,,Healy,AK-OP-104,7353.0,Golden Valley Elec Assn Inc,215-1985,Railbelt_grid,False,138.0, ,3.0,63.8542,-148.95,
P262,6299.0,332850.0,Unalakleet,AK-OP-098,40548.0,Unalakleet Valley Electric Cooperative,194-0000,Unalakleet_grid,True,4.0, ,3.0,63.876789,-160.790414,
P136,54834.0,,Fort Greely Power Plant,AK-OP-116,19272.0,Doyon Utilities Fort Greely,215-1985,Railbelt_grid,False,14.4, ,3.0,63.973572,-145.716581,
P14,58511.0,,Delta Wind Farm,AK-OP-113,58488.0,Alaska Environmental Power LLC,215-1985,Railbelt_grid,False,25.0, ,3.0,64.013889,-145.596667,
P36,7506.0,331130.0,Healy Lake,AK-OP-005,219.0,Alaska Power & Telephone Company,011-0000,Healy Lake_grid,False,2.4,,1.0,64.02689,-144.66162,
P147,56325.0,,Delta Power,AK-OP-104,7353.0,Golden Valley Elec Assn Inc,215-1985,Railbelt_grid,False,138.0, ,3.0,64.028056,-145.719444,
P148,57935.0,,Eva Creek Wind,AK-OP-104,7353.0,Golden Valley Elec Assn Inc,215-1985,Railbelt_grid,False,138.0, ,3.0,64.058333,-148.9,
P86,6322.0,331380.0,Kaltag,AK-OP-006,221.0,Alaska Village Electric Cooperative,054-0000,Kaltag_grid,True,7.2,,3.0,64.32722,-158.72194,
P95,6344.0,331630.0,Shaktoolik,AK-OP-006,221.0,Alaska Village Electric Cooperative,080-0000,Shaktoolik_grid,True,7.2,,3.0,64.33389,-161.15389,
P215,90.0,332340.0,Snake River,AK-OP-066,13642.0,Nome Joint Utility Systems,159-0000,Nome_grid,False,4.0, ,3.0,64.505331,-165.429814,
P153,,332000.0,Golovin,AK-OP-035,,Golovin Power Utilities,117-0000,Golovin_grid,True,7.2,,3.0,64.54333,-163.02917,
P50,6313.0,331300.0,Elim,AK-OP-006,221.0,Alaska Village Electric Cooperative,043-0000,Elim_grid,False,13.47, ,3.0,64.616558,-162.263717,
P50,57060.0,331300.0,Elim,AK-OP-006,221.0,Alaska Village Electric Cooperative,043-0000,Elim_grid,False,13.47, ,3.0,64.616558,-162.263717,
P268,50392.0,,Eielson AFB Central Heat & Power Plant,AK-OP-120,22199.0,US Air Force Eielson AFB,215-1985,Railbelt_grid,True,7.2, ,3.0,64.67141,-147.075988,
P272,,332890.0,White Mountain,AK-OP-101,,"White Mountain, City of",198-0000,WhiteMountain_grid,True,7.2,,3.0,64.68139,-163.40556,
P90,6332.0,331520.0,Nulato,AK-OP-006,221.0,Alaska Village Electric Cooperative,068-0000,Nulato_grid,False,7.2,,3.0,64.71944,-158.10306,
P151,6285.0,,North Pole,AK-OP-104,7353.0,Golden Valley Elec Assn Inc,215-1985,Railbelt_grid,False,138.0, ,3.0,64.7356,-147.3481,
P236,,332530.0,Ruby,AK-OP-080,,"Ruby, City of",178-0000,Ruby_grid,True,7.2,,3.0,64.73944,-155.48694,
P144,7437.0,331990.0,Galena Electric Utility,AK-OP-033,6915.0,"Galena, City of",115-0000,Galena_grid,False,4.16, ,3.0,64.74417,-156.8736,
P34,7375.0,331110.0,Eagle,AK-OP-005,219.0,Alaska Power & Telephone Company,009-0000,Eagle_grid,True,7.2,,3.0,64.78806,-141.2,
P146,57583.0,,Battery Energy Storage System,AK-OP-104,7353.0,Golden Valley Elec Assn Inc,215-1985,Railbelt_grid,False,138.0, ,3.0,64.8167,-147.725,
P137,50308.0,,Utility Plants Section,AK-OP-118,56389.0,Doyon Utilities Fort Wainwright,215-1985,Railbelt_grid,True,138.0, ,3.0,64.825601,-147.648627,
P109,79.0,,Aurora Energy LLC Chena,AK-OP-114,986.0,Aurora Energy LLC Chena,215-1985,Railbelt_grid,True,12.5, ,3.0,64.847743,-147.735063,
P149,6286.0,,Fairbanks,AK-OP-104,7353.0,Golden Valley Elec Assn Inc,215-1985,Railbelt_grid,False,69.0, ,3.0,64.854171,-147.719351,
P267,50711.0,,University of Alaska Fairbanks,AK-OP-127,19511.0,University of Alaska,215-1985,Railbelt_grid,True,69.0, ,3.0,64.854171,-147.822075,
P190,,332140.0,Koyukuk,AK-OP-049,,"Koyukuk, City of",136-0000,Koyukuk_grid,True,7.2,,3.0,64.88093,-157.70103,
P58,6325.0,331420.0,Koyuk,AK-OP-006,221.0,Alaska Village Electric Cooperative,060-0000,Koyuk_grid,True,13.47, ,3.0,64.932089,-161.167103,
P58,57059.0,331420.0,Koyuk,AK-OP-006,221.0,Alaska Village Electric Cooperative,060-0000,Koyuk_grid,True,13.47, ,3.0,64.932089,-161.167103,
P253,7171.0,332200.0,Manley,,11591.0,Manley Utility Co Inc,188-0000,Manley Hot Springs_grid,True,7.2,,3.0,65.00111,-150.63389,
P253,,332200.0,Manley Hot Springs,AK-OP-090,,TDX Manley Generating LLC,188-0000,Manley Hot Springs_grid,True,7.2,,3.0,65.00111,-150.63389,
P88,6328.0,331460.0,Minto,AK-OP-006,221.0,Alaska Village Electric Cooperative,063-0000,Minto_grid,True,7.2,,3.0,65.15333,-149.33694,
P249,,332600.0,Tanana,AK-OP-086,,Tanana Power Company Inc,184-0000,Tanana_grid,True,2.4,,3.0,65.17194,-152.07889,
P96,,331685.0,Teller,AK-OP-006,221.0,Alaska Village Electric Cooperative,085-0000,Teller_grid,False,7.2,,3.0,65.26361,-166.36083,
P96,,332620.0,Teller,AK-OP-006,221.0,Alaska Village Electric Cooperative,085-0000,Teller_grid,False,7.2,,3.0,65.26361,-166.36083,
P48,7374.0,331270.0,Brevig Mission,AK-OP-006,221.0,Alaska Village Electric Cooperative,039-0000,Brevig Mission_grid,False,12.5, ,3.0,65.331716,-166.479506,
P48,60260.0,331270.0,Brevig Mission,AK-OP-006,221.0,Alaska Village Electric Cooperative,039-0000,Brevig Mission_grid,False,12.5, ,3.0,65.331716,-166.479506,
P234,,332520.0,Rampart,AK-OP-079,,Rampart Village Council,177-0000,Rampart_grid,False,7.2,,3.0,65.505,-150.17,
P145,,331830.0,Central,AK-OP-139,,Gold Country Energy,116-0000,Central_grid,True,7.2,,3.0,65.5725,-144.80306,
P98,6351.0,331730.0,Wales,AK-OP-006,221.0,Alaska Village Electric Cooperative,090-0000,Wales_grid,False,7.2,,3.0,65.60917,-168.0875,
P85,6320.0,331370.0,Huslia,AK-OP-006,221.0,Alaska Village Electric Cooperative,051-0000,Huslia_grid,True,7.2,,3.0,65.69861,-156.39972,
P135,,331930.0,Diomede,AK-OP-028,,Diomede Joint Utilities,110-0000,Diomede_grid,False,0.48,,3.0,65.758611,-168.953056,
P124,,331900.0,Circle,AK-OP-025,,Circle Electric Utility,106-0000,Circle_grid,False,2.4,,3.0,65.82556,-144.06056,
P113,,331820.0,Buckland,AK-OP-016,,"Buckland, City of",099-0000,Buckland_grid,True,7.2,,3.0,65.97972,-161.12306,
P246,,332570.0,Stevens Village,AK-OP-081,,Stevens Village Ira Council,181-0000,Stevens Village_grid,True,7.2,,3.0,66.00639,-149.09083,
P160,,332030.0,Hughes,AK-OP-038,,Hughes Power & Light,120-0000,Hughes_grid,True,7.2,,3.0,66.04889,-154.25556,
P169,,332060.0,Deering,AK-OP-042,,Ipnatchiaq Electric Company,130-0000,Deering_grid,True,7.2,,3.0,66.07497,-162.71274,
P71,6345.0,331640.0,Shishmaref,AK-OP-006,221.0,Alaska Village Electric Cooperative,081-0000,Shishmaref_grid,False,12.5, ,3.0,66.255072,-166.073589,
P112,,331810.0,Birch Creek,AK-OP-015,,Birch Creek Electric Company,098-0000,Birch Creek_grid,False,7.2,,,66.25619,-145.84967,
P111,,331790.0,Beaver,AK-OP-013,,Beaver Joint Utilities,097-0000,Beaver_grid,True,7.2,,3.0,66.35944,-147.39639,
P30,7750.0,331050.0,Allakaket,AK-OP-005,219.0,Alaska Power & Telephone Company,005-0000,Allakaket_grid,True,7.2,,,66.56261,-152.64756,
P154,7174.0,332020.0,Gwitchyaa Zhee,AK-OP-037,7833.0,Gwitchyaa Zhee Utilities Company,119-0000,Fort Yukon_grid,True,4.16, ,3.0,66.566287,-145.253052,
P70,6341.0,331610.0,Selawik,AK-OP-006,221.0,Alaska Village Electric Cooperative,078-0000,Selawik_grid,True,12.5, ,3.0,66.606778,-160.014808,
P114,,331840.0,Chalkyitsik,AK-OP-019,,Chalkyitsik Village Council,100-0000,Chalkyitsik_grid,True,7.2,,3.0,66.65444,-143.72222,
P63,6330.0,331510.0,Noorvik,AK-OP-006,221.0,Alaska Village Electric Cooperative,067-0000,Noorvik_grid,True,12.5, ,3.0,66.834519,-161.038717,
P189,6304.0,332130.0,Kotzebue,AK-OP-048,10451.0,Kotzebue Electric Association,135-0000,Kotzebue_grid,True,7.2, ,3.0,66.837778,-162.556944,
P72,6346.0,331650.0,Shungnak,AK-OP-006,221.0,Alaska Village Electric Cooperative,149-1980,Shungnak_grid,True,13.47, ,3.0,66.888114,-157.140206,
P72,57063.0,331650.0,Shungnak,AK-OP-006,221.0,Alaska Village Electric Cooperative,149-1980,Shungnak_grid,True,13.47, ,3.0,66.888114,-157.140206,
P31,7176.0,331060.0,Bettles,AK-OP-005,219.0,Alaska Power & Telephone Company,007-0000,Bettles_grid,False,2.4,,3.0,66.91788,-151.51513,
P55,6323.0,331400.0,Kiana,AK-OP-006,221.0,Alaska Village Electric Cooperative,057-0000,Kiana_grid,True,12.5, ,3.0,66.973889,-160.428592,
P270,,332880.0,Venetie,AK-OP-100,,Venetie Village Electric,197-0000,Venetie_grid,True,7.2,,3.0,67.01389,-146.41861,
P46,6556.0,331250.0,Ambler,AK-OP-006,221.0,Alaska Village Electric Cooperative,035-0000,Ambler_grid,True,12.5, ,3.0,67.08798,-157.856719,
P46,60243.0,331250.0,Ambler,AK-OP-006,221.0,Alaska Village Electric Cooperative,035-0000,Ambler_grid,True,12.5, ,3.0,67.08798,-157.856719,
P62,6331.0,331500.0,Noatak,AK-OP-006,221.0,Alaska Village Electric Cooperative,066-0000,Noatak_grid,True,13.47, ,3.0,67.570931,-162.965728,
P62,57051.0,331500.0,Noatak,AK-OP-006,221.0,Alaska Village Electric Cooperative,066-0000,Noatak_grid,True,13.47, ,3.0,67.570931,-162.965728,
P56,6324.0,331410.0,Kivalina,AK-OP-006,221.0,Alaska Village Electric Cooperative,058-0000,Kivalina_grid,True,13.47, ,3.0,67.726644,-164.538447,
P56,57065.0,331410.0,Kivalina,AK-OP-006,221.0,Alaska Village Electric Cooperative,058-0000,Kivalina_grid,True,13.47, ,3.0,67.726644,-164.538447,
P216,7487.0,332350.0,Anaktuvuk Pass,AK-OP-067,26616.0,North Slope Borough Power & Light,160-0000,Anaktuvuk Pass_grid,False,4.16, ,3.0,68.13795,-151.741017,
P220,7485.0,332390.0,Point Hope,AK-OP-067,26616.0,North Slope Borough Power & Light,164-0000,Point Hope_grid,True,4.16, ,3.0,68.348424,-166.737211,
P221,7486.0,332400.0,Point Lay,AK-OP-067,26616.0,North Slope Borough Power & Light,165-0000,Point Lay_grid,True,4.16, ,3.0,69.740833,-163.005833,
P218,7483.0,332370.0,Kaktovik,AK-OP-067,26616.0,North Slope Borough Power & Light,162-0000,Kaktovik_grid,False,4.16, ,3.0,70.125617,-143.619033,
P255,58117.0,,TNSG South Plant,AK-OP-117,19277.0,TDX North Slope Generating Company,224_0000,Deadhorse_grid,False,12.47,4.16,3.0,70.2,-148.466667,
P219,7484.0,332380.0,Nuiqsut,AK-OP-067,26616.0,North Slope Borough Power & Light,163-0000,Nuiqsut_grid,False,4.16, ,3.0,70.220565,-150.993492,
P254,58278.0,,TNSG North Plant,AK-OP-117,19277.0,TDX North Slope Generating Company,224_0000,Deadhorse_grid,False,12.47,4.16,3.0,70.235278,-148.383611,
P217,7482.0,332360.0,Atqasuk,AK-OP-067,26616.0,North Slope Borough Power & Light,161-0000,Atqasuk_grid,False,4.16, ,3.0,70.4826,-157.4252,
P222,7488.0,332410.0,Wainwright,AK-OP-067,26616.0,North Slope Borough Power & Light,166-0000,Wainwright_grid,True,12.47, ,3.0,70.642877,-160.020461,
P110,7173.0,,Barrow,AK-OP-134,1276.0,Barrow Utilities & Electric Cooperative Inc.,221-0000,Utqiagvik_grid,False,4.16, ,3.0,71.292,-156.7786,
P37,7249.0,331140.0,Hollis,AK-OP-005,219.0,Alaska Power & Telephone Company,023-2015,Prince of Wales Is._grid,False,2.4,,3.0,55.4907236107094,-132.661800976245,
P81,,331950.0,Ekwok,AK-OP-006,221.0,Alaska Village Electric Cooperative,208-0000,Ekwok_grid,False,7.2,,3.0,59.3465009487317,-157.4800095591,
P92,,331560.0,Pitkas Point,AK-OP-006,221.0,Alaska Village Electric Cooperative,075-2020,Saint Mary's_grid,False,7.2,,,,,
P99,6321.0,331430.0,Lower Kalskag,AK-OP-006,221.0,Alaska Village Electric Cooperative,052-2005,Upper Kalskag_grid,False,,,3.0,,,
P106,,331770.0,Arctic Village,AK-OP-010,,Arctic Village Electric Company,094-0000,Arctic Village_grid,True,7.2,,3.0,68.1211772033847,-145.569789621621,
P117,,331880.0,Chignik Lake,AK-OP-022,,Chignik Lake Electric Utility,103-0000,Chignik Lake_grid,True,7.2,,3.0,56.2534083888044,-158.763900739448,
P118,,331860.0,Chignik Bay,AK-OP-021,,"Chignik, City of",104-0000,Chignik_grid,True,7.2,,3.0,56.2950315450438,-158.388352783466,
P125,,331910.0,Clark's Point,AK-OP-026,,"Clark's Point, City of",107-0000,Clark's Point_grid,True,7.2,,3.0,58.8318473223322,-158.544725771833,
P179,,332090.0,Kobuk,AK-OP-045,,Kobuk Valley Electric Company,149-1980,Shungnak_grid,False,7.2,,3.0,66.9066498426536,-156.882397358049,
P208,,332290.0,Napakiak,AK-OP-060,,Napakiak Ircinraq,034-1988,Bethel_grid,False,7.2,,3.0,60.693487956253,-161.972590383694,
P214,,332330.0,Nikolai,AK-OP-065,,"Nikolai, City of",158-0000,Nikolai_grid,False,7.2,,3.0,63.0107315967436,-154.383374641312,
P269,,,Ivanof Bay,,,,,,False,7.2,,,,,
P104,,,AWWU Conduit,,,,215-1985,Railbelt_grid,False,115.0,,3.0,,,
P152,,,GVEA Solar Farm,AK-OP-104,7353.0,Golden Valley Elec Assn Inc,215-1985,Railbelt_grid,False,,,3.0,,,
P166,7467.0,332660.0,Chilkat Valley,AK-OP-041,18963.0,Inside Passage Electric,032-1998,UpperLynnCanal_grid,False,,,3.0,,,
P167,,332700.0,Klukwan,AK-OP-041,,Inside Passage Electric,032-1998,UpperLynnCanal_grid,False,,,3.0,,,
P168,,,10 Mile Creek,AK-OP-041,18963.0,Inside Passage Electric,032-1998,UpperLynnCanal_grid,False,,,3.0,,,
P226,,,Dry Spruce Bay (Creek),AK-OP-150,,"PB Energy, Inc",,,False,,,,,,
P243,,,South Fork Hydro (Eagle River),AK-OP-152,,"South Fork Hydro, LLC",215-1985,Railbelt_grid,False,,,3.0,,,
P245,,,Burnett River Hatchery,AK-OP-154,,SSRAA,,,False,,,,,,
P274,,,Jetty Lake (West Side Hydro),,,,,,False,,,,,,
P275,,,Marathon Hydro,,,,,,False,,,,,,
P276,,,McRoberts Creek,,,,,,False,,,,,,
P277,,,Tin City,,,,,,False,,,,,,
P278,7466.0,331155.0,Klawock,AK-OP-041,18963.0,"Inside Passage Elec Coop, Inc",023-2015,Prince of Wales Is._grid,,,,3.0,55.5530597325654,-133.085426610618,
P279,55982.0,,Chena 6,AK-OP-104,7353.0,Golden Valley Elec Assn Inc,215-1985,Railbelt_grid,,,,3.0,,,
P281,54222.0,,Alyeska Seafoods,AK-OP-161,431.0,Alyeska Seafoods Inc,,,,,,3.0,,,
P282,54888.0,,American President Lines Ltd,AK-OP-162,14313.0,Ounalshka Corp,,,,,,3.0,,,
P283,54883.0,,Bering Star,AK-OP-163,9183.0,Icicle Seafoods Inc,,,,,,3.0,,,
P284,54151.0,,Central Production Facility 1,AK-OP-164,14956.0,Phillips Alaska Inc,,,,,,3.0,,,
P285,54152.0,,Central Production Facility 2,AK-OP-164,14956.0,Phillips Alaska Inc,,,,,,3.0,,,
P286,54153.0,,Central Production Facility 3,AK-OP-164,14956.0,Phillips Alaska Inc,,,,,,3.0,,,
P287,50415.0,,King Cove,AK-OP-165,14852.0,Peter Pan Seafoods,131-0000,King Cove_grid,,,,3.0,,,
P288,54155.0,,Lisburne Production Center,AK-OP-166,1388.0,BP Exploration Alaska,,,,,,3.0,,,
P289,54871.0,,Offshore Systems,AK-OP-168,13972.0,Offshore Systems Inc,,,,,,3.0,,,
P290,54154.0,,Seawater Treatment Plant,AK-OP-169,14811.0,Conoco Phillips Alaska Inc,,,,,,3.0,,,
P293,59037.0,,Hiilangaay Hydro,AK-OP-159,60222.0,"Haida Energy, Inc.",023-2015,Prince of Wales Is._grid,False,,,3.0,,,
P296,,,Ram Valley Hydro,AK-OP-177,,"Ram Valley, LLC",215-1985,Railbelt_grid,False,,,3.0,,,
